{
  "cases": {
    "arange": {
      "input": [
        0,
        1,
        2,
        3,
        4,
        5,
        6,
        7,
        8,
        9,
        10,
        11,
        12,
        13,
        14,
        15,
        16,
        17,
        18,
        19,
        20,
        21,
        22,
        23,
        24,
        25,
        26,
        27,
        28,
        29,
        30,
        31
      ],
      "output": [
        992.0,
        -414.84476091447783,
        0.0,
        -45.94445993879662,
        0.0,
        -16.430244579452868,
        0.0,
        -8.295924452306517,
        0.0,
        -4.945145994134673,
        0.0,
        -3.2452641508492936,
        0.0,
        -2.26346397136653,
        0.0,
        -1.642938371635351,
        0.0,
        -1.2232212598164898,
        0.0,
        -0.923361045811995,
        0.0,
        -0.6987955475587202,
        0.0,
        -0.5231973204650675,
        0.0,
        -0.38002015470723194,
        0.0,
        -0.2582256596025996,
        0.0,
        -0.1499590680167131,
        0.0,
        -0.04918609657693196
      ]
    },
    "impulse": {
      "input": [
        1,
        0,
        0,
        0,
        0,
        0,
        0,
        0,
        0,
        0,
        0,
        0,
        0,
        0,
        0,
        0,
        0,
        0,
        0,
        0,
        0,
        0,
        0,
        0,
        0,
        0,
        0,
        0,
        0,
        0,
        0,
        0
      ],
      "output": [
        2.0,
        1.9975909124103448,
        1.9903694533443939,
        1.978353019929562,
        1.9615705608064609,
        1.940062506389088,
        1.9138806714644176,
        1.8830881303660416,
        1.8477590650225735,
        1.8079785862468867,
        1.76384252869671,
        1.7154572200005442,
        1.6629392246050907,
        1.6064150629612897,
        1.5460209067254742,
        1.4819022507099182,
        1.414213562373095,
        1.3431179096940367,
        1.268786568327291,
        1.1913986089848665,
        1.1111404660392044,
        1.0282054883864435,
        0.9427934736519952,
        0.855110186860564,
        0.7653668647301792,
        0.6737797067844398,
        0.5805693545089246,
        0.48596035980652785,
        0.3901806440322564,
        0.29346094891072316,
        0.19603428065912087,
        0.09813534865483609
      ]
    },
    "random_seeded": {
      "input": [
        91.78507836511336,
        213.97095443631284,
        178.53119974205345,
        215.73145516506494,
        137.71648795054145,
        115.68958369191984,
        133.0954676973083,
        121.82264102452957,
        137.79190521426565,
        113.82507389271474,
        83.73862097591366,
        95.42413005739235,
        201.5890325496084,
        117.35123033701589,
        142.5501189007665,
        167.7803493606225,
        176.84267853906687,
        186.1033269995473,
        133.63702659439525,
        93.30922154064734,
        148.11614513193172,
        109.0045340678737,
        203.68306069384627,
        146.2542365699116,
        119.0380591291451,
        112.00904941812152,
        45.333144059536565,
        74.42345524591468,
        190.41627645425444,
        99.47402288929541,
        186.03831597408896,
        175.26985303176838
      ],
      "output": [
        8934.691471400978,
        224.57806657788808,
        81.57777496257583,
        246.37965243767488,
        736.7782816782584,
        -292.3272233959168,
        98.02046198472271,
        -683.4792507835534,
        275.44815472147695,
        -198.09005617282696,
        -584.3580209806435,
        106.49037049221675,
        -536.8515548462578,
        -574.8775550728167,
        -115.50672330322223,
        74.99060036496826,
        168.68212571645685,
        -349.86791094251896,
        -86.69805694486405,
        -279.7394593986284,
        247.0947568412631,
        -20.35803544316255,
        -43.25357579912844,
        -159.6832071193628,
        -770.254715014229,
        380.92250082662173,
        -324.41343663562236,
        -186.83433792420468,
        -340.55795763481194,
        -20.42186034689783,
        -217.52606608283398,
        359.3032143501367
      ]
    }
  },
  "description": "scipy.fftpack.dct(x, type=2, norm=None) for N=32. Tolerance: max abs diff < 1e-9.",
  "n": 32
}
